avg Uptime (ms),avg Used G1 Old Gen (bytes),avg Used G1 Eden Space (bytes),avg Used G1 Survivor Space (bytes),avg Allocated All Pools (bytes)
34642.857142857145,475646683.4285714,220778746.7755102,38112360.489795916,1126063626.4489796
