avg Uptime (ms),avg Used G1 Old Gen (bytes),avg Used G1 Eden Space (bytes),avg Used G1 Survivor Space (bytes),avg Allocated All Pools (bytes)
34702.04081632653,490311596.40816325,164733408.6530612,33250930.93877551,1102695361.3061225
