avg time (ms),avg total frames,avg fps
37024.34042553192,4447.063829787234,188.27659574468086
