avg time (ms),avg total frames,avg fps
37023.87234042553,7054.191489361702,347.4255319148936
