avg Uptime (ms),avg System (%),avg Time spent in GC (%),avg Process (kernel) (%),avg Process (user + kernel) (%)
34985.71428571428,46.59183673469388,0.04081632653061224,2.510204081632653,42.795918367346935
