avg time (ms),avg total frames,avg fps
36514.604166666664,9147.145833333334,393.9791666666667
