avg Uptime (ms),avg System (%),avg Time spent in GC (%),avg Process (kernel) (%),avg Process (user + kernel) (%)
35438.77551020408,36.673469387755105,0.04081632653061224,2.142857142857143,30.714285714285715
