avg Uptime (ms),avg System (%),avg Time spent in GC (%),avg Process (kernel) (%),avg Process (user + kernel) (%)
36246.8085106383,24.851063829787233,0.02127659574468085,2.5319148936170213,20.170212765957448
