avg time (ms),avg total frames,avg fps
38003.48888888889,7461.044444444445,349.7111111111111
