avg Uptime (ms),avg System (%),avg Time spent in GC (%),avg Process (kernel) (%),avg Process (user + kernel) (%)
34702.04081632653,50.36734693877551,0.04081632653061224,2.7755102040816326,47.183673469387756
