avg time (ms),avg total frames,avg fps
37501.891304347824,9785.08695652174,447.39130434782606
