avg time (ms),avg total frames,avg fps
38519.90909090909,8736.454545454546,428.45454545454544
