avg Uptime (ms),avg Used G1 Old Gen (bytes),avg Used G1 Eden Space (bytes),avg Used G1 Survivor Space (bytes),avg Allocated All Pools (bytes)
35438.77551020408,737735742.6938776,322126827.1020408,23885364.244897958,1798586033.632653
