avg Uptime (ms),avg Used G1 Old Gen (bytes),avg Used G1 Eden Space (bytes),avg Used G1 Survivor Space (bytes),avg Allocated All Pools (bytes)
36246.8085106383,237594188.25531915,298063305.5319149,51176665.872340426,1166507334.8085105
