avg time (ms),avg total frames,avg fps
36512.416666666664,23349.541666666668,1039.6458333333333
