avg Uptime (ms),avg System (%),avg Time spent in GC (%),avg Process (kernel) (%),avg Process (user + kernel) (%)
34642.857142857145,36.673469387755105,0.08163265306122448,2.5918367346938775,33.183673469387756
