avg Uptime (ms),avg Used G1 Old Gen (bytes),avg Used G1 Eden Space (bytes),avg Used G1 Survivor Space (bytes),avg Allocated All Pools (bytes)
34614.28571428572,201804841.79591838,114637176.1632653,4680599.510204081,580739907.9183674
