avg Uptime (ms),avg System (%),avg Time spent in GC (%),avg Process (kernel) (%),avg Process (user + kernel) (%)
34614.28571428572,18.081632653061224,0.02040816326530612,3.857142857142857,13.775510204081632
