avg Uptime (s),avg System (%),avg Time spent in GC (%),avg Process (kernel) (%),avg Process (user + kernel) (%)
40.70000000000001,28.870967741935484,0.0,1.2258064516129032,22.612903225806452
