avg time (s),avg total frames,avg fps
40.00061290322581,8989.258064516129,337.5806451612903
