avg Uptime (s),avg Used G1 Old Gen (MB),avg Used G1 Eden Space (MB),avg Used G1 Survivor Space (MB),avg Allocated All Pools (MB)
40.59999999999999,789.6478387096771,338.31790322580645,3.450645161290323,1793.0650000000005
