avg Uptime (s),avg Used G1 Old Gen (MB),avg Used G1 Eden Space (MB),avg Used G1 Survivor Space (MB),avg Allocated All Pools (MB)
40.70000000000001,296.0990322580644,355.70393548387096,35.448580645161286,1242.5630000000006
