avg Uptime (s),avg System (%),avg Time spent in GC (%),avg Process (kernel) (%),avg Process (user + kernel) (%)
40.90000000000001,27.548387096774192,0.0,2.2580645161290325,24.193548387096776
