avg time (s),avg total frames,avg fps
40.00416129032257,4107.4838709677415,147.38709677419354
