avg Uptime (s),avg System (%),avg Time spent in GC (%),avg Process (kernel) (%),avg Process (user + kernel) (%)
40.59999999999999,26.741935483870968,0.0,1.3548387096774193,22.612903225806452
