avg time (s),avg total frames,avg fps
40.00703225806451,2379.6129032258063,72.45161290322581
