avg Uptime (s),avg System (%),avg Time spent in GC (%),avg Process (kernel) (%),avg Process (user + kernel) (%)
40.612903225806456,16.870967741935484,0.0,3.6451612903225805,12.774193548387096
