avg time (s),avg total frames,avg fps
40.0026129032258,5042.903225806452,191.8709677419355
