avg Uptime (s),avg System (%),avg Time spent in GC (%),avg Process (kernel) (%),avg Process (user + kernel) (%)
40.59999999999999,40.225806451612904,0.03225806451612903,2.193548387096774,36.806451612903224
