avg time (s),avg total frames,avg fps
40.00103225806451,10910.645161290322,484.7096774193548
