avg time (s),avg total frames,avg fps
40.00054838709678,9322.064516129032,468.5483870967742
