avg time (s),avg total frames,avg fps
40.00322580645161,3245.6129032258063,133.48387096774192
