avg time (s),avg total frames,avg fps
40.00103225806452,10597.387096774193,417.0967741935484
