avg Uptime (s),avg Used G1 Old Gen (MB),avg Used G1 Eden Space (MB),avg Used G1 Survivor Space (MB),avg Allocated All Pools (MB)
40.59999999999999,299.63899999999995,238.3311935483871,0.21967741935483878,946.8640000000004
