avg Uptime (s),avg Used G1 Old Gen (MB),avg Used G1 Eden Space (MB),avg Used G1 Survivor Space (MB),avg Allocated All Pools (MB)
40.59999999999999,242.34393548387095,126.84393548387098,9.13545161290323,641.4576451612905
