avg Uptime (s),avg System (%),avg Time spent in GC (%),avg Process (kernel) (%),avg Process (user + kernel) (%)
40.90000000000001,44.16129032258065,0.03225806451612903,1.5483870967741935,41.45161290322581
