avg time (s),avg total frames,avg fps
40.00006451612903,27034.129032258064,1134.2903225806451
