avg Uptime (s),avg Used G1 Old Gen (MB),avg Used G1 Eden Space (MB),avg Used G1 Survivor Space (MB),avg Allocated All Pools (MB)
40.90000000000001,388.70300000000003,283.96119354838703,43.41435483870969,1125.122
