avg time (s),avg total frames,avg fps
40.00103225806451,8144.258064516129,376.3225806451613
