avg time (s),avg total frames,avg fps
40.004,3282.3225806451615,127.70967741935483
