avg time (s),avg total frames,avg fps
40.0016129032258,6844.064516129032,252.38709677419354
