avg time (s),avg total frames,avg fps
40.0024193548387,4734.193548387097,201.03225806451613
