avg time (s),avg total frames,avg fps
40.000967741935476,7898.322580645161,385.5806451612903
